<?xml version="1.0" encoding="utf-8"?>
<!DOCTYPE install PUBLIC "-//Joomla! 1.7//DTD template 1.0//EN" "http://www.joomla.org/xml/dtd/1.6/template-install.dtd">
<extension version="2.5" type="template" client="site">
	<name>KWD_Joomla_OneWeb</name>
	<creationDate>March 14th 2012</creationDate>
	<author>Chris Jones-Gill</author>
	<authorEmail>chris.jones-gill@kisswebdesign.co.uk</authorEmail>
	<authorUrl>http://kisswebdesign.co.uk</authorUrl>
	<copyright>Copyright (C) 2012 Chris Jones-Gill | KISS Web Design | All rights reserved.</copyright>
	<license>GNU General Public License version 2 or later</license>
	<version>0.3</version>	
	<description><![CDATA[
	<p>This is a responsive, 'mobile first' HTML5 template from <a href="http://kisswebdesign.co.uk">KISS Web Design</a>.</p>
	<p>It incorporates the hard work of many talented people. It was forked from <a href="https://github.com/nternetinspired/OneWeb">OneWeb Project on GitHub</a>.</p>
	<p>I have taken that a great baseline for building this template, adding my own bits along the way.</p>
	<p>Thanks goes to those who went before me:<br />
	Notably, this template takes the HTML5 goodness and awesome polyfills from the <a href="http://html5boilerplate.com/">HTML5 Boilerplate</a> of Paul Irish.<br />
	The mobile first logic and sexy typographic basics from <a href="http://www.stuffandnonsense.co.uk/projects/320andup/">320 and up</a> by Andy Clarke.<br />
	Some really neat Joomla! tricks and Google Font awesomeness from Matt Thomas' <a href="http://construct-framework.com/">Construct Framework</a>.<br />
	The fluid <a href="http://cssgrid.net/">1140px Grid</a> grid from Andy Taylor.<br />
	The <a href="http://unstoppablerobotninja.com/entry/fluid-images/">Fluid Images</a> script from Ethan Marcotte<br />
	The <a href="https://github.com/MattWilcox/Adaptive-Images">Adaptive Images</a> solution from Matt Wilcox<br />
	And especially the work of Seth Warburton @nternetinspired <a href="http://internet-inspired.com">Internet Inspired!</a> for pulling it all together, adding his own flair and creating the original <a href="https://github.com/nternetinspired/OneWeb">OneWeb template</a>.</p>
	]]></description>
		
	<files>
        <filename>favicon.ico</filename>
        <filename>index.php</filename>
        <filename>template_preview.png</filename>
        <filename>template_thumbnail.png</filename>
        <filename>adaptive-images.php</filename>
        <filename>ai.htaccess.joomla2.5</filename>
        <filename>BSD-licence.txt</filename>
        <filename>CreativeCommons-by-sa-3.0.txt</filename>
        <filename>gpl-2.0.txt</filename>
        <filename>mit-licence.txt</filename>
        <filename>templateDetails.xml</filename>
		<folder>css</folder>
		<folder>fonts</folder>
		<folder>functions</folder>
		<folder>html</folder>
		<folder>img</folder>
		<folder>js</folder>
	</files>
	
	<positions>
		<position>logo</position>
		<position>tagline</position>
		<position>search</position>
		<position>menu</position>
		<position>breadcrumbs</position>
		<position>bigtop</position>
		<position>banner1</position>
		<position>banner2</position>
		<position>above1</position>		
		<position>above2</position>
		<position>above3</position>
		<position>above4</position>
		<position>left</position>
		<position>main</position>
		<position>right</position>
		<position>below1</position>		
		<position>below2</position>
		<position>below3</position>
		<position>below4</position>
		<position>bottom1</position>		
		<position>bottom2</position>
		<position>bottom3</position>
		<position>bottom4</position>
		<position>mobile-menu</position>
		<position>footer1</position>		
		<position>footer2</position>
		<position>footer3</position>
		<position>footer4</position>
	</positions>
		
	<config>
		<fields name="params">
			<fieldset name="Customise Joomla! output" label="Customise Joomla! output" addfieldpath="/templates/oneweb/functions" >
				<field name="loadMoo" type="radio" default="0" label="Load MooTools?" description="Load the MooTools JavaScript library that is included with Joomla? If it is not in use you can save a lot of Kb by not loading it. Setting this to no will also disable caption.js">
					<option value="1">Yes</option>
					<option value="0">No</option>
				</field>
				<field type="spacer" default=" " />
				<field name="jQuery" type="radio" default="1" label="Load jQuery?" description="Load the latest, minified, version of jQuery from Google?">
					<option value="1">Yes</option>
					<option value="0">No</option>
				</field>
				<field type="spacer" default=" " />
				<field name="adaptiveImages" type="radio" default="0" label="Use Adaptive Images?" description="** WARNING, this is a one-time setup option. If you want to switch it off you will need to manually remove it WARNING**\nUse the Adaptive Images function to resize all images dependent on the resolution of the visitors device?">
					<option value="1">Yes</option>
					<option value="0">No</option>
				</field>
				<field type="spacer" default=" " />
				<field name="debug" type="radio" default="0" label="Debug mode?" description="Set screen output to put all active module positions into a 1px black box, plus a list of module status and columns assigned per module position">
					<option value="1">Yes</option>
					<option value="0">No</option>
				</field>
				<field type="spacer" default=" " />
			<field name="setGeneratorTag" type="text" default="KISS Web Design - Joomla! Template" label="Generator Meta Tag" description="Customise the generator meta tag output by your template." size="85" />
			<field name="analytics" type="text" default="UA-XXXXX-X" label="Google Analytics ID" description="Change UA-XXXXX-X to be your site's ID" size="15" />
			</fieldset>				
		
			<fieldset name="Typography" label="Typography">					
				<field name="bodyFontFamily" type="list" default="" label="The Body Font">
					<option value="">- None Selected -</option>
					<option value="arial">Arial</option>
					<option value="arial-black">Arial Black</option>
					<option value="courier">Courier New</option>			
					<option value="georgia">Georgia</option>
					<option value="helvetica">Helvetica</option>
					<option value="impact">Impact</option>			
					<option value="lucida-console">Lucida Console</option>	
					<option value="lucida-grande">Lucida Grande</option>								
					<option value="lucida-sans">Lucida Sans</option>
					<option value="palatino">Palatino</option>			
					<option value="tahoma">Tahoma</option>
					<option value="times">Times New Roman</option>
					<option value="trebuchet">Trebuchet</option>
					<option value="verdana">Verdana</option>
				</field>
				<field type="spacer" default=" " />				
				<field name="googleWebFont" type="googlewebfont" default="" label="Google Web Font" description="The Google Web font to be applied to the designated targets below. Visit http://code.google.com/webfonts for more information." />										
				<field name="googleWebFontTargets" type="text" default="" label="Google Web Font Targets" description="A comma seperated list of the html elements, CSS IDs, and classes to apply the selected Google Web Font to. If targeting the body, be sure to set the Body Font Family to None Selected." size="50" />
				<field type="spacer" default=" " />
				<field name="googleWebFont2" type="googlewebfont" default="" label="Google Web Font" description="The Google Web font to be applied to the designated targets below. Visit http://code.google.com/webfonts for more information." />										
				<field name="googleWebFontTargets2" type="text" default="" label="Google Web Font Targets" description="A comma seperated list of the html elements, CSS IDs, and classes to apply the selected Google Web Font to. If targeting the body, be sure to set the Body Font Family to None Selected." size="50"/>		
				<field type="spacer" default=" " />
				<field name="googleWebFont3" type="googlewebfont" default="" label="Google Web Font" description="The Google Web font to be applied to the designated targets below. Visit http://code.google.com/webfonts for more information." />										
				<field name="googleWebFontTargets3" type="text" default="" label="Google Web Font Targets" description="A comma seperated list of the html elements, CSS IDs, and classes to apply the selected Google Web Font to. If targeting the body, be sure to set the Body Font Family to None Selected." size="50" />								
				<field type="spacer" default=" " />
				<field name="SocialDarkGlyphFont" type="radio" default="0" label="Include Social Dark Glyph Font?" description="Add the CSS for including the social dark glyph font. See kwd_joomla_oneweb/img/social-dark.png for the glyphs">
                	<option value="1">Yes</option>
					<option value="0">No</option>
				</field>
				<field name="SocialLightGlyphFont" type="radio" default="0" label="Include Social Light Glyph Font?" description="Add the CSS for including the social light glyph font. See kwd_joomla_oneweb/img/social-light.png for the glyphs">
                	<option value="1">Yes</option>
					<option value="0">No</option>
				</field>
				<field name="GeneralWebsiteGlyphFont" type="radio" default="0" label="Include General Website Glyph Font?" description="Add the CSS for including the general website glyph font. See kwd_joomla_oneweb/img/general-website.png for the glyphs">
                	<option value="1">Yes</option>
					<option value="0">No</option>
				</field>
			</fieldset>
			
			<fieldset name="Logo Upload and Logo Row Module Widths" label="Logo Upload and Logo Row Module Widths">
				<field name="SiteLogo" type="media" hide_default="1" default="templates/kwd_joomla_oneweb/img/logo/kwd-joomla-oneweb.png" label="Logo" description="Select or upload a logo, max useable size is 449x226."/>
                <field name="logo" type="list" default="five" label="logo width" >
					<option value="one">one</option>
					<option value="two">two</option>
					<option value="three">three</option>
					<option value="four">four</option>
					<option value="five">five</option>
					<option value="six">six</option>
					<option value="seven">seven</option>
					<option value="eight">eight</option>
					<option value="nine">nine</option>
					<option value="ten">ten</option>
					<option value="eleven">eleven</option>
					<option value="twelve">twelve</option>
				</field>
							
			<field name="tagline" type="list" default="four" label="tagline width" >
					<option value="one">one</option>
					<option value="two">two</option>
					<option value="three">three</option>
					<option value="four">four</option>
					<option value="five">five</option>
					<option value="six">six</option>
					<option value="seven">seven</option>
					<option value="eight">eight</option>
					<option value="nine">nine</option>
					<option value="ten">ten</option>
					<option value="eleven">eleven</option>
					<option value="twelve">twelve</option>
				</field>
				
			<field name="search" type="list" default="three" label="search width" >
					<option value="one">one</option>
					<option value="two">two</option>
					<option value="three">three</option>
					<option value="four">four</option>
					<option value="five">five</option>
					<option value="six">six</option>
					<option value="seven">seven</option>
					<option value="eight">eight</option>
					<option value="nine">nine</option>
					<option value="ten">ten</option>
					<option value="eleven">eleven</option>
					<option value="twelve">twelve</option>
				</field>
			</fieldset> 			

			<fieldset name="Banner Row Module Widths" label="Banner Row Module Widths">
                <field name="banner1" type="list" default="six" label="Banner 1 width" >
					<option value="">- None -</option>
					<option value="one">one</option>
					<option value="two">two</option>
					<option value="three">three</option>
					<option value="four">four</option>
					<option value="five">five</option>
					<option value="six">six</option>
					<option value="seven">seven</option>
					<option value="eight">eight</option>
					<option value="nine">nine</option>
					<option value="ten">ten</option>
					<option value="eleven">eleven</option>
					<option value="twelve">twelve</option>
				</field>
				<field name="banner2" type="list" default="six" label="Banner 2 width" >
					<option value="">- None -</option>
					<option value="one">one</option>
					<option value="two">two</option>
					<option value="three">three</option>
					<option value="four">four</option>
					<option value="five">five</option>
					<option value="six">six</option>
					<option value="seven">seven</option>
					<option value="eight">eight</option>
					<option value="nine">nine</option>
					<option value="ten">ten</option>
					<option value="eleven">eleven</option>
					<option value="twelve">twelve</option>
				</field>
			</fieldset> 
			
			<fieldset name="Above Row Module Widths" label="Above Row Module Widths">
				<field name="CalculateAbove" type="radio" default="1" label="Auto Calculate columns required?" description="Calculate the number of columns required by dividing the number of active positions by the available columns. This will override anything you enter in this section.">
                			<option value="1">Yes</option>
					<option value="0">No</option>
				</field>
                <field name="above1" type="list" default="three" label="above 1 width" >
					<option value="one">one</option>
					<option value="two">two</option>
					<option value="three">three</option>
					<option value="four">four</option>
					<option value="five">five</option>
					<option value="six">six</option>
					<option value="seven">seven</option>
					<option value="eight">eight</option>
					<option value="nine">nine</option>
					<option value="ten">ten</option>
					<option value="eleven">eleven</option>
					<option value="twelve">twelve</option>
				</field>
				<field name="above2" type="list" default="three" label="above 2 width" >
					<option value="one">one</option>
					<option value="two">two</option>
					<option value="three">three</option>
					<option value="four">four</option>
					<option value="five">five</option>
					<option value="six">six</option>
					<option value="seven">seven</option>
					<option value="eight">eight</option>
					<option value="nine">nine</option>
					<option value="ten">ten</option>
					<option value="eleven">eleven</option>
					<option value="twelve">twelve</option>
				</field>
				<field name="above3" type="list" default="three" label="above 3 width" >
					<option value="one">one</option>
					<option value="two">two</option>
					<option value="three">three</option>
					<option value="four">four</option>
					<option value="five">five</option>
					<option value="six">six</option>
					<option value="seven">seven</option>
					<option value="eight">eight</option>
					<option value="nine">nine</option>
					<option value="ten">ten</option>
					<option value="eleven">eleven</option>
					<option value="twelve">twelve</option>
				</field>
				<field name="above4" type="list" default="three" label="above 4 width" >
					<option value="one">one</option>
					<option value="two">two</option>
					<option value="three">three</option>
					<option value="four">four</option>
					<option value="five">five</option>
					<option value="six">six</option>
					<option value="seven">seven</option>
					<option value="eight">eight</option>
					<option value="nine">nine</option>
					<option value="ten">ten</option>
					<option value="eleven">eleven</option>
					<option value="twelve">twelve</option>
				</field>
            </fieldset>	
			
			<fieldset name="Main Row Module Widths" label="Main Row Module Widths">
				<field name="CalculateMain" type="radio" default="1" label="Auto Calculate columns required?" description="Calculate the number of columns required by dividing the number of active positions by the available columns. This will override anything you enter in this section.">
                			<option value="1">Yes</option>
					<option value="0">No</option>
				</field>
                <field name="left" type="list" default="three" label="left width" >
					<option value="one">one</option>
					<option value="two">two</option>
					<option value="three">three</option>
					<option value="four">four</option>
					<option value="five">five</option>
					<option value="six">six</option>
					<option value="seven">seven</option>
					<option value="eight">eight</option>
					<option value="nine">nine</option>
					<option value="ten">ten</option>
					<option value="eleven">eleven</option>
					<option value="twelve">twelve</option>
				</field>
				<field name="main" type="list" default="six" label="main width" >
					<option value="one">one</option>
					<option value="two">two</option>
					<option value="three">three</option>
					<option value="four">four</option>
					<option value="five">five</option>
					<option value="six">six</option>
					<option value="seven">seven</option>
					<option value="eight">eight</option>
					<option value="nine">nine</option>
					<option value="ten">ten</option>
					<option value="eleven">eleven</option>
					<option value="twelve">twelve</option>
				</field>
				<field name="right" type="list" default="three" label="right width" >
					<option value="one">one</option>
					<option value="two">two</option>
					<option value="three">three</option>
					<option value="four">four</option>
					<option value="five">five</option>
					<option value="six">six</option>
					<option value="seven">seven</option>
					<option value="eight">eight</option>
					<option value="nine">nine</option>
					<option value="ten">ten</option>
					<option value="eleven">eleven</option>
					<option value="twelve">twelve</option>
				</field>
			</fieldset>	
	
			<fieldset name="Below Row Module Widths" label="Below Row Module Widths">
				<field name="CalculateBelow" type="radio" default="1" label="Auto Calculate columns required?" description="Calculate the number of columns required by dividing the number of active positions by the available columns. This will override anything you enter in this section.">
                			<option value="1">Yes</option>
					<option value="0">No</option>
				</field>
                <field name="below1" type="list" default="three" label="below 1 width" >
					<option value="one">one</option>
					<option value="two">two</option>
					<option value="three">three</option>
					<option value="four">four</option>
					<option value="five">five</option>
					<option value="six">six</option>
					<option value="seven">seven</option>
					<option value="eight">eight</option>
					<option value="nine">nine</option>
					<option value="ten">ten</option>
					<option value="eleven">eleven</option>
					<option value="twelve">twelve</option>
				</field>
				<field name="below2" type="list" default="three" label="below 2 width" >
					<option value="one">one</option>
					<option value="two">two</option>
					<option value="three">three</option>
					<option value="four">four</option>
					<option value="five">five</option>
					<option value="six">six</option>
					<option value="seven">seven</option>
					<option value="eight">eight</option>
					<option value="nine">nine</option>
					<option value="ten">ten</option>
					<option value="eleven">eleven</option>
					<option value="twelve">twelve</option>
				</field>
				<field name="below3" type="list" default="three" label="below 3 width" >
					<option value="one">one</option>
					<option value="two">two</option>
					<option value="three">three</option>
					<option value="four">four</option>
					<option value="five">five</option>
					<option value="six">six</option>
					<option value="seven">seven</option>
					<option value="eight">eight</option>
					<option value="nine">nine</option>
					<option value="ten">ten</option>
					<option value="eleven">eleven</option>
					<option value="twelve">twelve</option>
				</field>
				<field name="below4" type="list" default="three" label="below 4 width" >
					<option value="one">one</option>
					<option value="two">two</option>
					<option value="three">three</option>
					<option value="four">four</option>
					<option value="five">five</option>
					<option value="six">six</option>
					<option value="seven">seven</option>
					<option value="eight">eight</option>
					<option value="nine">nine</option>
					<option value="ten">ten</option>
					<option value="eleven">eleven</option>
					<option value="twelve">twelve</option>
				</field>
            </fieldset>	
			
			<fieldset name="bottom Row Module Widths" label="bottom Row Module Widths">
				<field name="CalculateBottom" type="radio" default="1" label="Auto Calculate columns required?" description="Calculate the number of columns required by dividing the number of active positions by the available columns. This will override anything you enter in this section.">
                			<option value="1">Yes</option>
					<option value="0">No</option>
				</field>
                <field name="bottom1" type="list" default="three" label="bottom 1 width" >
					<option value="one">one</option>
					<option value="two">two</option>
					<option value="three">three</option>
					<option value="four">four</option>
					<option value="five">five</option>
					<option value="six">six</option>
					<option value="seven">seven</option>
					<option value="eight">eight</option>
					<option value="nine">nine</option>
					<option value="ten">ten</option>
					<option value="eleven">eleven</option>
					<option value="twelve">twelve</option>
				</field>
				<field name="bottom2" type="list" default="three" label="bottom 2 width" >
					<option value="one">one</option>
					<option value="two">two</option>
					<option value="three">three</option>
					<option value="four">four</option>
					<option value="five">five</option>
					<option value="six">six</option>
					<option value="seven">seven</option>
					<option value="eight">eight</option>
					<option value="nine">nine</option>
					<option value="ten">ten</option>
					<option value="eleven">eleven</option>
					<option value="twelve">twelve</option>
				</field>
				<field name="bottom3" type="list" default="three" label="bottom 3 width" >
					<option value="one">one</option>
					<option value="two">two</option>
					<option value="three">three</option>
					<option value="four">four</option>
					<option value="five">five</option>
					<option value="six">six</option>
					<option value="seven">seven</option>
					<option value="eight">eight</option>
					<option value="nine">nine</option>
					<option value="ten">ten</option>
					<option value="eleven">eleven</option>
					<option value="twelve">twelve</option>
				</field>
				<field name="bottom4" type="list" default="three" label="bottom 4 width" >
					<option value="one">one</option>
					<option value="two">two</option>
					<option value="three">three</option>
					<option value="four">four</option>
					<option value="five">five</option>
					<option value="six">six</option>
					<option value="seven">seven</option>
					<option value="eight">eight</option>
					<option value="nine">nine</option>
					<option value="ten">ten</option>
					<option value="eleven">eleven</option>
					<option value="twelve">twelve</option>
				</field>
            </fieldset>
	
			<fieldset name="Footer Row Module Widths" label="Footer Row Module Widths">
				<field name="CalculateFooter" type="radio" default="1" label="Auto Calculate columns required?" description="Calculate the number of columns required by dividing the number of active positions by the available columns. This will override anything you enter in this section.">
                			<option value="1">Yes</option>
					<option value="0">No</option>
				</field>
                <field name="footer1" type="list" default="three" label="footer 1 width" >
					<option value="one">one</option>
					<option value="two">two</option>
					<option value="three">three</option>
					<option value="four">four</option>
					<option value="five">five</option>
					<option value="six">six</option>
					<option value="seven">seven</option>
					<option value="eight">eight</option>
					<option value="nine">nine</option>
					<option value="ten">ten</option>
					<option value="eleven">eleven</option>
					<option value="twelve">twelve</option>
				</field>
				<field name="footer2" type="list" default="six" label="footer 2 width" >
					<option value="one">one</option>
					<option value="two">two</option>
					<option value="three">three</option>
					<option value="four">four</option>
					<option value="five">five</option>
					<option value="six">six</option>
					<option value="seven">seven</option>
					<option value="eight">eight</option>
					<option value="nine">nine</option>
					<option value="ten">ten</option>
					<option value="eleven">eleven</option>
					<option value="twelve">twelve</option>
				</field>
				<field name="footer3" type="list" default="three" label="footer 3 width" >
					<option value="one">one</option>
					<option value="two">two</option>
					<option value="three">three</option>
					<option value="four">four</option>
					<option value="five">five</option>
					<option value="six">six</option>
					<option value="seven">seven</option>
					<option value="eight">eight</option>
					<option value="nine">nine</option>
					<option value="ten">ten</option>
					<option value="eleven">eleven</option>
					<option value="twelve">twelve</option>
				</field>
				<field name="footer4" type="list" default="three" label="footer 4 width" >
					<option value="one">one</option>
					<option value="two">two</option>
					<option value="three">three</option>
					<option value="four">four</option>
					<option value="five">five</option>
					<option value="six">six</option>
					<option value="seven">seven</option>
					<option value="eight">eight</option>
					<option value="nine">nine</option>
					<option value="ten">ten</option>
					<option value="eleven">eleven</option>
					<option value="twelve">twelve</option>
				</field>
			</fieldset>	
		</fields>
	</config>
</extension>